CDR3,Antigen,HLA,label,Rank
CASSLVNGLGYTF,SMGVTYEM,A*02,1.0,0.89
CASSLVNGLGYTF,YMGVSYEM,A*02,1.0,0.884
CASSLVNGLGYTF,YMGVVYEM,A*02,1.0,0.26899999999999996
CASSLVNGLGYTF,KMGVTYEM,A*02,1.0,0.902
CASSLVNGLGYTF,FMGVTYEM,A*02,1.0,0.905
CASSRDTVNTEAFF,LMDMHNGQL,A*02,1.0,0.409
CASSRDTVNTEAFF,RLDAMNGQL,A*02,1.0,0.565
CASSRDTVNTEAFF,RMDYNNMQM,A*02,1.0,0.133
CASSRDTVNTEAFF,GMDYHNGHL,A*02,1.0,0.522
CASSRDTVNTEAFF,KMDYFSGQL,A*02,1.0,0.251
CASSRDTVNTEAFF,SMDWFQGQM,A*02,1.0,0.07399999999999995
CASSRDTVNTEAFF,LMDYWQGQL,A*02,1.0,0.371
CASSRDTVNTEAFF,NMMWFQGQL,A*02,1.0,0.565
CASSRDTVNTEAFF,VLDLFQGQL,A*02,1.0,0.569
CASSRDTVNTEAFF,MMDFFNAQM,A*02,1.0,0.392
CASSRDFVSNEQYF,TMDFYQGQL,A*02,1.0,0.07999999999999996
CASSRDFVSNEQYF,KMDYFSGQL,A*02,1.0,0.337
CASSRDFVSNEQYF,SMDWFQGQM,A*02,1.0,0.753
CASSRDFVSNEQYF,LMDYWQGQL,A*02,1.0,0.13699999999999998
CASSRDFVSNEQYF,NMMWFQGQL,A*02,1.0,0.07099999999999995
CASSRDFVSNEQYF,MMDFFNAQM,A*02,1.0,0.3120000000000001
CASSPSGLAGSNLGNEQFF,RMEQVDWTV,A*02,1.0,0.95
CASSPSGLAGSNLGNEQFF,KLEFMDWRL,A*02,1.0,0.645
CASSPSGLAGSNLGNEQFF,WLDNFELCL,A*02,1.0,0.9109999999999999
CASSPSGLAGSNLGNEQFF,TLEYMDWLV,A*02,1.0,0.948
CASSPSGLAGSNLGNEQFF,EMMLFDWKV,A*02,1.0,0.6779999999999999
CASSPSGLAGSNLGNEQFF,KLEQLDWTV,A*02,1.0,0.99
CASSPSGLAGSNLGNEQFF,TMETIDWKV,A*02,1.0,0.9620000000000001
CASSPSGLAGSNLGNEQFF,TLEELDWCL,A*02,1.0,0.211
CASSPSGLAGSNLGNEQFF,LLEDLDWDV,A*02,1.0,0.835
CASSPSGLAGSNLGNEQFF,VLEEVDWLI,A*02,1.0,0.836
CASSPSGLAGSNLGNEQFF,NMEYMTWDV,A*02,1.0,0.9740000000000001
CASSPSGLAGSNLGNEQFF,NVEYYDIKL,A*02,1.0,0.012299999999999978
CASSLAPGATNEKLFF,NLVPMVATV,A*02,1.0,0.0020999999999999908
CASSLAPGATNEKLFF,WLDNFELCL,A*02,0.0,0.202
CASSLAPGATNEKLFF,KLEQLDWTV,A*02,0.0,0.14
CASSLAPGATNEKLFF,KMDYFSGQL,A*02,0.0,0.604
CASSLAPGATNEKLFF,RMEQVDWTV,A*02,0.0,0.217
CASSLAPGATNEKLFF,MMDFFNAQM,A*02,0.0,0.5720000000000001
CASSLAPGATNEKLFF,SMGVTYEM,A*02,0.0,0.55
CASSLAPGATNEKLFF,GMDYHNGHL,A*02,0.0,0.336
CASSLAPGATNEKLFF,RLDAMNGQL,A*02,0.0,0.451
CASSLAPGATNEKLFF,RMDYNNMQM,A*02,0.0,0.758
CASSLAPGATNEKLFF,TLEYMDWLV,A*02,0.0,0.08299999999999996
CASSLAPGATNEKLFF,LMDYWQGQL,A*02,0.0,0.47600000000000003
CASSLAPGATNEKLFF,YMGVSYEM,A*02,0.0,0.457
CASSLAPGATNEKLFF,VLDLFQGQL,A*02,0.0,0.912
CASSLAPGATNEKLFF,NMEYMTWDV,A*02,0.0,0.015800000000000036
CASSLAPGATNEKLFF,EMMLFDWKV,A*02,0.0,0.752
CASSLAPGATNEKLFF,NMMWFQGQL,A*02,0.0,0.625
CASSLAPGATNEKLFF,LMDMHNGQL,A*02,0.0,0.517
CASSLAPGATNEKLFF,TMDFYQGQL,A*02,0.0,0.49700000000000005
CASSLAPGATNEKLFF,FMGVTYEM,A*02,0.0,0.52
CASSLAPGATNEKLFF,TMETIDWKV,A*02,0.0,0.027000000000000024
CASSLAPGATNEKLFF,NVEYYDIKL,A*02,0.0,0.787
CASSLAPGATNEKLFF,YMGVVYEM,A*02,0.0,0.648
CASSLAPGATNEKLFF,SMDWFQGQM,A*02,0.0,0.787
CASSLAPGATNEKLFF,LLEDLDWDV,A*02,0.0,0.025000000000000026
CASSLAPGATNEKLFF,KLEFMDWRL,A*02,0.0,0.30400000000000005
CASSLAPGATNEKLFF,KMGVTYEM,A*02,0.0,0.53
CASSLAPGATNEKLFF,VLEEVDWLI,A*02,0.0,0.276
CASSLAPGATNEKLFF,TLEELDWCL,A*02,0.0,0.619
CASSLVNGLGYTF,WLDNFELCL,A*02,0.0,0.40399999999999997
CASSLVNGLGYTF,KLEQLDWTV,A*02,0.0,0.29100000000000004
CASSLVNGLGYTF,KMDYFSGQL,A*02,0.0,0.418
CASSLVNGLGYTF,RMEQVDWTV,A*02,0.0,0.412
CASSLVNGLGYTF,MMDFFNAQM,A*02,0.0,0.07499999999999996
CASSLVNGLGYTF,GMDYHNGHL,A*02,0.0,0.417
CASSLVNGLGYTF,RLDAMNGQL,A*02,0.0,0.341
CASSLVNGLGYTF,RMDYNNMQM,A*02,0.0,0.585
CASSLVNGLGYTF,TLEYMDWLV,A*02,0.0,0.381
CASSLVNGLGYTF,NLVPMVATV,A*02,0.0,0.5329999999999999
CASSLVNGLGYTF,LMDYWQGQL,A*02,0.0,0.327
CASSLVNGLGYTF,VLDLFQGQL,A*02,0.0,0.759
CASSLVNGLGYTF,NMEYMTWDV,A*02,0.0,0.5509999999999999
CASSLVNGLGYTF,EMMLFDWKV,A*02,0.0,0.5680000000000001
CASSLVNGLGYTF,NMMWFQGQL,A*02,0.0,0.132
CASSLVNGLGYTF,LMDMHNGQL,A*02,0.0,0.765
CASSLVNGLGYTF,TMDFYQGQL,A*02,0.0,0.474
CASSLVNGLGYTF,TMETIDWKV,A*02,0.0,0.447
CASSLVNGLGYTF,NVEYYDIKL,A*02,0.0,0.732
CASSLVNGLGYTF,SMDWFQGQM,A*02,0.0,0.31699999999999995
CASSLVNGLGYTF,LLEDLDWDV,A*02,0.0,0.5680000000000001
CASSLVNGLGYTF,KLEFMDWRL,A*02,0.0,0.466
CASSLVNGLGYTF,VLEEVDWLI,A*02,0.0,0.652
CASSLVNGLGYTF,TLEELDWCL,A*02,0.0,0.618
CASSPSGLAGSNLGNEQFF,KMDYFSGQL,A*02,0.0,0.483
CASSPSGLAGSNLGNEQFF,MMDFFNAQM,A*02,0.0,0.748
CASSPSGLAGSNLGNEQFF,SMGVTYEM,A*02,0.0,0.18100000000000005
CASSPSGLAGSNLGNEQFF,GMDYHNGHL,A*02,0.0,0.263
CASSPSGLAGSNLGNEQFF,RLDAMNGQL,A*02,0.0,0.18400000000000005
CASSPSGLAGSNLGNEQFF,RMDYNNMQM,A*02,0.0,0.29300000000000004
CASSPSGLAGSNLGNEQFF,NLVPMVATV,A*02,0.0,0.9790000000000001
CASSPSGLAGSNLGNEQFF,LMDYWQGQL,A*02,0.0,0.9209999999999999
CASSPSGLAGSNLGNEQFF,YMGVSYEM,A*02,0.0,0.17400000000000004
CASSPSGLAGSNLGNEQFF,VLDLFQGQL,A*02,0.0,0.624
CASSPSGLAGSNLGNEQFF,NMMWFQGQL,A*02,0.0,0.9309999999999999
CASSPSGLAGSNLGNEQFF,LMDMHNGQL,A*02,0.0,0.49700000000000005
CASSPSGLAGSNLGNEQFF,TMDFYQGQL,A*02,0.0,0.767
CASSPSGLAGSNLGNEQFF,FMGVTYEM,A*02,0.0,0.16100000000000006
CASSPSGLAGSNLGNEQFF,YMGVVYEM,A*02,0.0,0.8029999999999999
CASSPSGLAGSNLGNEQFF,SMDWFQGQM,A*02,0.0,0.366
CASSPSGLAGSNLGNEQFF,KMGVTYEM,A*02,0.0,0.17400000000000004
CASSRDFVSNEQYF,WLDNFELCL,A*02,0.0,0.112
CASSRDFVSNEQYF,KLEQLDWTV,A*02,0.0,0.017000000000000015
CASSRDFVSNEQYF,RMEQVDWTV,A*02,0.0,0.06899999999999995
CASSRDFVSNEQYF,SMGVTYEM,A*02,0.0,0.5860000000000001
CASSRDFVSNEQYF,GMDYHNGHL,A*02,0.0,0.591
CASSRDFVSNEQYF,RLDAMNGQL,A*02,0.0,0.616
CASSRDFVSNEQYF,RMDYNNMQM,A*02,0.0,0.6459999999999999
CASSRDFVSNEQYF,TLEYMDWLV,A*02,0.0,0.06399999999999995
CASSRDFVSNEQYF,NLVPMVATV,A*02,0.0,0.03700000000000003
CASSRDFVSNEQYF,YMGVSYEM,A*02,0.0,0.6779999999999999
CASSRDFVSNEQYF,VLDLFQGQL,A*02,0.0,0.09699999999999998
CASSRDFVSNEQYF,NMEYMTWDV,A*02,0.0,0.13
CASSRDFVSNEQYF,EMMLFDWKV,A*02,0.0,0.263
CASSRDFVSNEQYF,LMDMHNGQL,A*02,0.0,0.09399999999999996
CASSRDFVSNEQYF,FMGVTYEM,A*02,0.0,0.611
CASSRDFVSNEQYF,TMETIDWKV,A*02,0.0,0.04900000000000005
CASSRDFVSNEQYF,NVEYYDIKL,A*02,0.0,0.08899999999999998
CASSRDFVSNEQYF,YMGVVYEM,A*02,0.0,0.17100000000000004
CASSRDFVSNEQYF,LLEDLDWDV,A*02,0.0,0.07399999999999995
CASSRDFVSNEQYF,KLEFMDWRL,A*02,0.0,0.11
CASSRDFVSNEQYF,KMGVTYEM,A*02,0.0,0.5660000000000001
CASSRDFVSNEQYF,VLEEVDWLI,A*02,0.0,0.10299999999999998
CASSRDFVSNEQYF,TLEELDWCL,A*02,0.0,0.09999999999999998
CASSRDTVNTEAFF,WLDNFELCL,A*02,0.0,0.782
CASSRDTVNTEAFF,KLEQLDWTV,A*02,0.0,0.937
CASSRDTVNTEAFF,RMEQVDWTV,A*02,0.0,0.96
CASSRDTVNTEAFF,SMGVTYEM,A*02,0.0,0.402
CASSRDTVNTEAFF,TLEYMDWLV,A*02,0.0,0.966
CASSRDTVNTEAFF,NLVPMVATV,A*02,0.0,0.95
CASSRDTVNTEAFF,YMGVSYEM,A*02,0.0,0.29200000000000004
CASSRDTVNTEAFF,NMEYMTWDV,A*02,0.0,0.997
CASSRDTVNTEAFF,EMMLFDWKV,A*02,0.0,0.914
CASSRDTVNTEAFF,TMDFYQGQL,A*02,0.0,0.36700000000000005
CASSRDTVNTEAFF,FMGVTYEM,A*02,0.0,0.276
CASSRDTVNTEAFF,TMETIDWKV,A*02,0.0,0.9059999999999999
CASSRDTVNTEAFF,NVEYYDIKL,A*02,0.0,0.0023999999999999573
CASSRDTVNTEAFF,YMGVVYEM,A*02,0.0,0.09199999999999996
CASSRDTVNTEAFF,LLEDLDWDV,A*02,0.0,0.7879999999999999
CASSRDTVNTEAFF,KLEFMDWRL,A*02,0.0,0.505
CASSRDTVNTEAFF,KMGVTYEM,A*02,0.0,0.411
CASSRDTVNTEAFF,VLEEVDWLI,A*02,0.0,0.8180000000000001
CASSRDTVNTEAFF,TLEELDWCL,A*02,0.0,0.454
